命令:
SELECT field1, field2,...fieldN FROM table_name1, table_name2...
[WHERE condition1 [AND [OR]] condition2.....
查询语句中可以使用一个或者多个表，表之间使用逗号, 分割，并使用WHERE语句来设定查询条件。
可以在 WHERE 子句中指定任何条件。
可以使用 AND 或者 OR 指定一个或多个条件。
WHERE 子句也可以运用于 SQL 的 DELETE 或者 UPDATE 命令。
WHERE 子句类似于程序语言中的 if 条件，根据 MySQL 表中的字段值来读取指定的数据。
条件见图片条件.jpg;
例子:
   SELECT * FROM tbl_1 WHERE tbl_1_author = "菜鸡";
+----------+-------------+--------------+-----------------+
| tbl_1_id | tbl_1_title | tbl_1_author | submission_date |
+----------+-------------+--------------+-----------------+
|        1 | C++         | 菜鸡         | 2020-11-22      |
|        2 | MySQL       | 菜鸡         | 2020-11-22      |
|        3 | JAVA        | 菜鸡         | 2020-01-01      |
+----------+-------------+--------------+-----------------+
3 rows in set (0.00 sec)


mysql> SELECT * FROM tbl_1 WHERE tbl_1_title = "C++";
+----------+-------------+--------------+-----------------+
| tbl_1_id | tbl_1_title | tbl_1_author | submission_date |
+----------+-------------+--------------+-----------------+
|        1 | C++         | 菜鸡         | 2020-11-22      |
+----------+-------------+--------------+-----------------+
1 row in set (0.00 sec)
MySQL 的 WHERE 子句的字符串比较是不区分大小写的。可以使用 BINARY 关键字来设定 WHERE 子句的字符串比较是区分大小写的。
例子:
mysql> SELECT * FROM tbl_1 WHERE BINARY tbl_1_title = "c++";
Empty set (0.00 sec)

mysql> SELECT * FROM tbl_1 WHERE BINARY tbl_1_title = "C++";
+----------+-------------+--------------+-----------------+
| tbl_1_id | tbl_1_title | tbl_1_author | submission_date |
+----------+-------------+--------------+-----------------+
|        1 | C++         | 菜鸡         | 2020-11-22      |
+----------+-------------+--------------+-----------------+
1 row in set (0.00 sec)
